{
  "output": {
    "frameSize": [
      1920, 
      1080
    ], 
    "distCoeffs": [
      -0.027560607012236674, 
      -0.006360702121542312, 
      0.002858377912438783, 
      0.00662037456650614, 
      0.07029211550675407, 
      0.027560607012189087, 
      0.00636070212263277, 
      -0.07029211551219236, 
      0.0, 
      0.0, 
      0.0, 
      0.0
    ], 
    "reprojError": 7.1692654504991005, 
    "camMatrix": [
      [
        1659.086408336632, 
        0.0, 
        957.7652006335938
      ], 
      [
        0.0, 
        1671.8674987603904, 
        538.8082753957642
      ], 
      [
        0.0, 
        0.0, 
        1.0
      ]
    ]
  }, 
  "input": {
    "used_frames": [
      4, 
      6, 
      8, 
      12, 
      22, 
      24, 
      26, 
      30, 
      32, 
      36, 
      38, 
      40, 
      42, 
      44, 
      50, 
      52, 
      62, 
      64, 
      68, 
      90, 
      92, 
      94, 
      98, 
      100, 
      102, 
      108, 
      110, 
      112, 
      116, 
      118, 
      120, 
      122, 
      124, 
      126, 
      130
    ], 
    "video": "raw:1920x1080", 
    "checkerboard_shape": [
      8, 
      6
    ]
  }
}